Married,Dependents,Education,Employment_Type,Income,CoapplicantIncome,LoanAmount,Loan_Amount_Term,Credit_History,Property_Area,Loan_Status
No,2,Graduate,No,3397291,1692137.0,2309776.0,26.0,0.0,Semiurban,Y
Yes,0,Not Graduate,Yes,3902429,1745171.0,743045.0,17.0,0.0,Semiurban,Y
No,0,Not Graduate,Yes,4994287,1297076.0,1041469.0,46.0,0.0,Semiurban,N
No,3+,Not Graduate,No,2590706,1738993.0,195788.0,38.0,1.0,Semiurban,N
No,2,Not Graduate,No,1291902,1180887.0,688387.0,55.0,1.0,Rural,Y
Yes,0,Not Graduate,No,2592118,1807610.0,2639836.8,58.0,1.0,Urban,Y
No,3+,Graduate,Yes,3837973,245546.0,2450111.4,9.0,0.0,Semiurban,N
No,2,Not Graduate,Yes,2302575,1245309.0,1018616.0,47.0,0.0,Semiurban,Y
No,3+,Graduate,Yes,564071,651233.0,73429.0,12.0,1.0,Urban,Y
Yes,1,Graduate,Yes,4481137,1618136.0,1300956.0,27.0,1.0,Rural,Y
No,0,Not Graduate,No,875435,1924401.0,1540036.0,38.0,0.0,Urban,N
No,1,Not Graduate,No,2274606,1896220.0,2502495.6,22.0,0.0,Urban,Y
No,2,Graduate,No,3598472,1041592.0,1859377.0,29.0,0.0,Semiurban,N
No,1,Not Graduate,No,3106316,146470.0,1115923.0,39.0,0.0,Urban,Y
Yes,1,Not Graduate,Yes,1664718,644318.0,1385421.5999999999,33.0,1.0,Urban,N
No,2,Graduate,Yes,2234793,1367223.0,606110.0,48.0,0.0,Semiurban,Y
Yes,3+,Graduate,No,1702575,1972718.0,1014163.0,46.0,0.0,Semiurban,N
Yes,1,Not Graduate,No,3913270,1055146.0,1580891.0,44.0,0.0,Semiurban,N
Yes,3+,Graduate,Yes,4906425,330929.0,57967.0,27.0,1.0,Semiurban,N
No,1,Not Graduate,No,2478837,1581974.0,2372523.0,54.0,1.0,Urban,Y
Yes,3+,Not Graduate,Yes,1624102,1547691.0,1307100.0,22.0,0.0,Urban,Y
No,2,Not Graduate,No,3290541,79141.0,1263261.0,39.0,0.0,Rural,Y
Yes,1,Graduate,No,764180,12115.0,465777.0,11.0,0.0,Rural,N
Yes,2,Graduate,No,2483366,1087638.0,301537.0,51.0,1.0,Urban,Y
Yes,1,Graduate,No,2135848,809343.0,1767114.5999999999,11.0,1.0,Rural,N
Yes,2,Graduate,No,2539855,1676925.0,891531.0,39.0,1.0,Urban,Y
Yes,2,Graduate,No,304615,1343276.0,914645.0,6.0,0.0,Rural,N
Yes,1,Not Graduate,No,1625233,390479.0,1209427.2,15.0,1.0,Semiurban,N
Yes,1,Not Graduate,Yes,3996022,1574833.0,985772.0,26.0,0.0,Rural,N
Yes,1,Not Graduate,Yes,1903740,830185.0,521082.0,10.0,0.0,Semiurban,Y
No,0,Not Graduate,Yes,4068222,397686.0,1971277.0,7.0,0.0,Semiurban,Y
No,3+,Graduate,Yes,3168893,1170439.0,110545.0,27.0,1.0,Semiurban,Y
Yes,0,Not Graduate,Yes,938003,796657.0,1040796.0,53.0,0.0,Semiurban,N
Yes,0,Graduate,No,3533382,1549652.0,2874658.0,7.0,1.0,Rural,N
Yes,2,Not Graduate,No,381570,647296.0,617319.6,15.0,1.0,Urban,Y
No,1,Graduate,Yes,3282993,1549302.0,1665777.0,39.0,0.0,Semiurban,Y
Yes,3+,Graduate,No,4181082,1025799.0,2397649.0,21.0,0.0,Rural,Y
No,2,Not Graduate,Yes,3495049,1727132.0,1023181.0,53.0,1.0,Semiurban,N
No,0,Not Graduate,Yes,166150,1678687.0,1106902.2,56.0,0.0,Rural,N
No,1,Not Graduate,No,2534206,800101.0,751692.0,44.0,1.0,Rural,N
No,2,Not Graduate,No,659723,1959406.0,1571477.4,27.0,0.0,Rural,N
No,1,Graduate,No,2647500,1683541.0,2111774.0,17.0,1.0,Urban,N
Yes,2,Not Graduate,Yes,3455745,1819822.0,1254680.0,29.0,1.0,Rural,Y
Yes,1,Not Graduate,No,1099554,1044257.0,1286286.5999999999,52.0,1.0,Rural,N
Yes,0,Graduate,Yes,4293060,48320.0,2604828.0,45.0,1.0,Urban,N
Yes,3+,Not Graduate,Yes,4258634,964918.0,1815524.0,43.0,0.0,Urban,N
Yes,0,Not Graduate,Yes,234055,496758.0,438487.8,15.0,0.0,Rural,N
No,3+,Not Graduate,No,776022,1195225.0,1182748.2,40.0,1.0,Urban,N
Yes,1,Not Graduate,No,909942,1173930.0,1250323.2,56.0,1.0,Semiurban,Y
Yes,2,Not Graduate,Yes,3979275,612297.0,2025154.0,54.0,0.0,Semiurban,N
No,0,Graduate,No,796358,1830301.0,187478.0,37.0,0.0,Urban,N
Yes,3+,Not Graduate,No,3695790,448625.0,959711.0,12.0,0.0,Urban,N
No,0,Not Graduate,No,1941648,28625.0,1182163.8,26.0,0.0,Rural,Y
Yes,3+,Not Graduate,Yes,1788472,736400.0,1514923.2,25.0,0.0,Urban,Y
No,0,Not Graduate,Yes,3928433,1334809.0,2640310.0,31.0,0.0,Rural,Y
Yes,3+,Not Graduate,No,2835264,1085063.0,1677687.0,9.0,1.0,Semiurban,N
Yes,3+,Graduate,Yes,4548748,1507630.0,2170464.0,51.0,0.0,Urban,Y
No,1,Not Graduate,No,2800713,1276647.0,1010612.0,57.0,0.0,Rural,N
No,3+,Graduate,No,2408989,1945456.0,477387.0,27.0,1.0,Rural,N
No,1,Graduate,No,4237270,488011.0,2582147.0,20.0,0.0,Semiurban,Y
No,3+,Not Graduate,No,4417922,1360858.0,1983731.0,45.0,0.0,Urban,N
No,2,Not Graduate,Yes,4215625,1222471.0,2945995.0,26.0,0.0,Semiurban,N
No,2,Not Graduate,Yes,559297,430424.0,593832.6,20.0,0.0,Rural,N
No,2,Not Graduate,Yes,1120154,316205.0,861815.4,27.0,0.0,Rural,Y
No,3+,Graduate,No,4177151,948163.0,2990593.0,57.0,1.0,Urban,N
Yes,1,Not Graduate,No,4834963,1047328.0,485684.0,33.0,0.0,Rural,N
Yes,1,Not Graduate,No,2903696,101376.0,1803043.2,19.0,1.0,Urban,Y
No,3+,Not Graduate,Yes,2193373,1473682.0,2200233.0,32.0,1.0,Semiurban,N
Yes,2,Not Graduate,No,2472280,1914142.0,1280844.0,46.0,0.0,Urban,N
Yes,2,Not Graduate,Yes,3016623,833487.0,2310066.0,45.0,1.0,Urban,Y
Yes,1,Not Graduate,Yes,2806871,767629.0,539626.0,33.0,0.0,Rural,N
Yes,2,Graduate,Yes,970123,1330228.0,338859.0,31.0,1.0,Rural,N
No,0,Graduate,Yes,3086249,1520708.0,864037.0,54.0,1.0,Urban,N
Yes,1,Not Graduate,Yes,1959582,158056.0,1270582.8,7.0,0.0,Rural,N
No,2,Not Graduate,Yes,4544499,634457.0,605462.0,30.0,0.0,Rural,N
Yes,1,Not Graduate,No,2229885,1843133.0,977460.0,8.0,0.0,Rural,Y
Yes,0,Graduate,No,4820642,560347.0,1596236.0,13.0,0.0,Urban,Y
Yes,1,Not Graduate,Yes,2307148,462785.0,1291597.0,49.0,0.0,Rural,Y
No,1,Graduate,Yes,4852525,1676273.0,2340870.0,38.0,1.0,Urban,Y
Yes,1,Not Graduate,No,649239,1983167.0,644305.0,47.0,1.0,Rural,N
No,1,Not Graduate,Yes,656701,1548229.0,113037.0,57.0,1.0,Semiurban,N
Yes,0,Not Graduate,Yes,3147569,1032766.0,2508201.0,40.0,1.0,Rural,N
No,3+,Not Graduate,No,4728120,529992.0,2788421.0,11.0,1.0,Rural,N
Yes,1,Graduate,Yes,1370464,978080.0,1332789.0,44.0,1.0,Urban,N
No,1,Graduate,Yes,885332,728744.0,254366.0,57.0,1.0,Urban,Y
No,2,Not Graduate,Yes,867950,742488.0,552420.0,28.0,0.0,Rural,Y
Yes,1,Not Graduate,No,266472,635567.0,541223.4,30.0,0.0,Semiurban,N
No,2,Graduate,No,497710,682568.0,708166.7999999999,55.0,1.0,Rural,N
Yes,3+,Graduate,No,4417048,642804.0,1729161.0,48.0,1.0,Rural,N
Yes,0,Graduate,Yes,3288729,522828.0,1088199.0,24.0,0.0,Semiurban,Y
Yes,0,Graduate,Yes,4885956,478366.0,710902.0,10.0,0.0,Urban,N
Yes,3+,Not Graduate,No,2950171,721384.0,1588112.0,56.0,0.0,Rural,N
Yes,0,Graduate,Yes,1010775,957386.0,1159004.0,16.0,0.0,Urban,N
Yes,3+,Not Graduate,Yes,2696874,419139.0,1776676.0,17.0,1.0,Urban,Y
Yes,3+,Graduate,Yes,658924,519777.0,707220.6,15.0,0.0,Semiurban,N
Yes,3+,Graduate,Yes,3981185,1424764.0,1735996.0,13.0,1.0,Semiurban,Y
Yes,0,Graduate,Yes,4473656,232549.0,1286180.0,29.0,1.0,Urban,Y
Yes,2,Graduate,No,4112595,1602029.0,2687492.0,33.0,1.0,Rural,Y
Yes,3+,Graduate,Yes,2390435,1640067.0,752436.0,46.0,0.0,Urban,Y
No,1,Not Graduate,No,531413,484965.0,609826.7999999999,41.0,0.0,Rural,Y
No,0,Not Graduate,Yes,1452564,790546.0,1345866.0,42.0,1.0,Rural,Y
Yes,3+,Graduate,No,2524050,982469.0,2103911.4,26.0,1.0,Semiurban,N
Yes,3+,Graduate,Yes,4265100,36321.0,1402144.0,13.0,1.0,Rural,N
Yes,1,Not Graduate,No,963561,335441.0,779401.2,14.0,0.0,Rural,N
Yes,2,Graduate,Yes,402186,1931660.0,1021248.0,52.0,1.0,Urban,Y
Yes,2,Graduate,No,3307393,1934312.0,513547.0,20.0,0.0,Semiurban,N
Yes,2,Not Graduate,Yes,3928464,1293590.0,2551002.0,53.0,1.0,Rural,Y
Yes,3+,Graduate,No,1126553,156498.0,769830.6,51.0,1.0,Rural,Y
Yes,3+,Graduate,Yes,1335202,1066348.0,1383140.0,45.0,1.0,Semiurban,Y
No,3+,Not Graduate,No,245271,1938762.0,1310419.8,23.0,0.0,Urban,N
Yes,0,Not Graduate,No,2315685,790144.0,1743439.0,47.0,0.0,Semiurban,Y
No,1,Not Graduate,Yes,3843797,394583.0,1881094.0,25.0,1.0,Semiurban,Y
Yes,3+,Graduate,Yes,1614542,238389.0,1109325.0,11.0,0.0,Rural,N
Yes,1,Not Graduate,No,4280656,639430.0,2775571.0,17.0,1.0,Rural,N
No,1,Not Graduate,Yes,3030184,1664600.0,1779057.0,7.0,0.0,Urban,Y
Yes,2,Not Graduate,No,176898,1100500.0,766438.7999999999,12.0,0.0,Rural,Y
No,0,Not Graduate,No,3395097,1576590.0,1398207.0,21.0,0.0,Rural,N
Yes,3+,Not Graduate,No,388316,1399872.0,275019.0,8.0,1.0,Semiurban,N
Yes,2,Not Graduate,Yes,2108954,1076299.0,1525153.0,50.0,0.0,Rural,N
No,2,Graduate,No,1929553,1961977.0,1906231.0,8.0,0.0,Urban,Y
Yes,3+,Graduate,No,4188657,758470.0,647218.0,32.0,1.0,Semiurban,N
No,1,Not Graduate,Yes,3141341,1935502.0,867052.0,55.0,1.0,Urban,N
Yes,2,Not Graduate,Yes,1139504,664468.0,1082383.2,48.0,1.0,Semiurban,N
No,1,Not Graduate,Yes,4187810,208786.0,769401.0,45.0,1.0,Rural,Y
No,0,Graduate,Yes,2205058,1608507.0,2125020.0,43.0,0.0,Semiurban,N
Yes,1,Graduate,No,1775843,686684.0,1477516.2,38.0,0.0,Semiurban,N
Yes,0,Graduate,No,134701,1938904.0,1151928.0,33.0,0.0,Rural,N
No,1,Graduate,No,3329028,1263008.0,2571279.0,6.0,0.0,Rural,N
Yes,2,Graduate,No,1821610,1028400.0,1710006.0,13.0,0.0,Urban,N
Yes,2,Graduate,Yes,2280712,1188575.0,1975544.0,42.0,1.0,Urban,Y
Yes,0,Graduate,No,2439767,880112.0,1991927.4,37.0,0.0,Rural,Y
No,3+,Graduate,No,2714235,358690.0,1294289.0,53.0,0.0,Rural,Y
No,0,Graduate,Yes,591036,939947.0,492939.0,48.0,0.0,Rural,N
No,0,Not Graduate,No,427304,79973.0,304366.2,42.0,1.0,Semiurban,Y
No,1,Not Graduate,No,2562616,1898457.0,354224.0,9.0,1.0,Semiurban,Y
No,1,Not Graduate,No,2810241,634122.0,270169.0,35.0,0.0,Semiurban,Y
No,0,Not Graduate,No,3533803,1809250.0,2761793.0,11.0,1.0,Rural,N
No,2,Graduate,No,1242953,1048173.0,1374675.5999999999,51.0,1.0,Urban,N
No,1,Graduate,No,4061352,1502025.0,602959.0,59.0,1.0,Rural,Y
No,3+,Not Graduate,Yes,4078702,287681.0,1745675.0,24.0,1.0,Semiurban,Y
Yes,1,Graduate,Yes,4159175,494509.0,2369124.0,37.0,1.0,Semiurban,N
No,1,Not Graduate,No,426916,1912584.0,1403700.0,14.0,1.0,Rural,N
Yes,3+,Graduate,No,3697706,1680386.0,1488454.0,17.0,1.0,Rural,Y
Yes,0,Not Graduate,Yes,4606554,1595476.0,798321.0,16.0,0.0,Semiurban,N
Yes,3+,Graduate,No,705409,225049.0,558274.7999999999,51.0,0.0,Semiurban,Y
No,0,Graduate,No,1174135,1317191.0,1494795.5999999999,21.0,1.0,Semiurban,N
No,0,Not Graduate,No,3089179,166703.0,1777408.0,6.0,0.0,Rural,Y
No,0,Graduate,Yes,1825690,764357.0,1554028.2,50.0,0.0,Semiurban,Y
No,3+,Not Graduate,No,3380772,747419.0,1105675.0,58.0,1.0,Semiurban,N
Yes,0,Not Graduate,Yes,4257893,1079924.0,1872550.0,26.0,0.0,Urban,Y
No,2,Not Graduate,No,503119,1244380.0,1048499.3999999999,35.0,1.0,Rural,Y
No,3+,Not Graduate,Yes,4266769,1836185.0,1015188.0,18.0,1.0,Urban,Y
No,2,Graduate,Yes,4420295,135832.0,604399.0,39.0,1.0,Urban,N
No,0,Graduate,No,502732,1343499.0,1107738.5999999999,9.0,0.0,Semiurban,N
No,1,Graduate,Yes,606079,283780.0,533915.4,33.0,0.0,Rural,N
Yes,0,Not Graduate,No,2050013,1654753.0,2222859.6,43.0,0.0,Semiurban,Y
No,2,Graduate,Yes,2723836,1102127.0,537510.0,36.0,0.0,Rural,N
Yes,2,Not Graduate,No,1232658,404772.0,982458.0,32.0,1.0,Urban,Y
No,3+,Graduate,No,2085209,1993678.0,1650946.0,10.0,1.0,Rural,Y
Yes,1,Graduate,Yes,4422626,1715499.0,1723879.0,30.0,0.0,Semiurban,N
No,3+,Graduate,No,756951,571107.0,796834.7999999999,8.0,1.0,Semiurban,N
No,2,Not Graduate,No,111303,1384490.0,897475.7999999999,38.0,1.0,Semiurban,Y
Yes,0,Graduate,Yes,1310209,1008559.0,924772.0,9.0,0.0,Rural,Y
Yes,1,Graduate,No,3579591,420182.0,191214.0,30.0,1.0,Urban,N
Yes,0,Not Graduate,No,2466610,1261357.0,2236780.1999999997,25.0,0.0,Urban,N
No,0,Graduate,Yes,4280303,1501681.0,1671219.0,39.0,1.0,Rural,N
Yes,1,Not Graduate,Yes,1168199,682347.0,453082.0,31.0,0.0,Semiurban,Y
No,3+,Graduate,No,4276224,1913722.0,251139.0,10.0,1.0,Urban,Y
No,0,Not Graduate,No,4784346,1022378.0,1078494.0,40.0,1.0,Semiurban,Y
Yes,2,Not Graduate,Yes,558298,713708.0,763203.6,33.0,0.0,Rural,Y
Yes,0,Graduate,Yes,1147343,548884.0,1017736.2,34.0,0.0,Semiurban,Y
No,1,Not Graduate,No,205228,1999254.0,1322689.2,14.0,0.0,Urban,N
No,1,Not Graduate,Yes,4720650,850538.0,1549698.0,57.0,0.0,Urban,N
Yes,1,Not Graduate,No,1855692,1025014.0,1257786.0,43.0,1.0,Semiurban,Y
Yes,3+,Not Graduate,No,984056,987471.0,142601.0,55.0,1.0,Rural,Y
Yes,0,Not Graduate,No,1830228,59182.0,679085.0,11.0,0.0,Semiurban,N
No,3+,Not Graduate,No,2046793,349307.0,1437660.0,24.0,1.0,Rural,N
No,3+,Graduate,No,1669123,301454.0,1182346.2,49.0,0.0,Semiurban,N
No,1,Not Graduate,Yes,3379269,1366808.0,1759375.0,16.0,0.0,Urban,N
No,1,Not Graduate,Yes,1826470,1701667.0,2063321.0,7.0,1.0,Rural,Y
No,3+,Graduate,Yes,3440420,1188554.0,1927541.0,52.0,1.0,Rural,N
No,0,Graduate,Yes,148874,823346.0,583332.0,49.0,0.0,Rural,Y
Yes,2,Graduate,No,1722572,896782.0,653103.0,49.0,0.0,Urban,N
No,3+,Graduate,No,3320281,1618243.0,89279.0,14.0,0.0,Semiurban,N
No,0,Graduate,No,2789784,1520404.0,421931.0,26.0,1.0,Urban,N
No,1,Graduate,No,809662,770188.0,947910.0,29.0,1.0,Rural,Y
Yes,1,Graduate,Yes,4972554,258517.0,2295854.0,39.0,1.0,Semiurban,Y
No,0,Not Graduate,No,570452,955154.0,915363.6,27.0,1.0,Urban,N
No,2,Not Graduate,No,2239686,1488673.0,2237015.4,8.0,0.0,Rural,Y
Yes,1,Graduate,Yes,2692670,1357133.0,1352887.0,17.0,0.0,Rural,Y
No,1,Not Graduate,Yes,4910833,137084.0,2799336.0,33.0,0.0,Urban,N
No,1,Not Graduate,Yes,542061,705475.0,748521.6,35.0,0.0,Urban,N
No,0,Not Graduate,Yes,3434732,1842159.0,495377.0,31.0,0.0,Urban,Y
No,3+,Graduate,No,3861675,582004.0,1588510.0,53.0,0.0,Rural,Y
No,1,Graduate,No,2361286,880179.0,1944879.0,26.0,1.0,Urban,Y
Yes,3+,Not Graduate,Yes,588972,748013.0,802191.0,33.0,1.0,Rural,N
Yes,2,Graduate,No,1223994,691738.0,1149439.2,31.0,0.0,Urban,N
Yes,1,Not Graduate,No,3181328,1746588.0,2329203.0,38.0,0.0,Rural,Y
No,1,Not Graduate,No,4198064,1252078.0,993693.0,26.0,1.0,Rural,N
No,2,Not Graduate,Yes,2717703,144539.0,1551352.0,40.0,1.0,Semiurban,N
No,1,Not Graduate,No,263038,424226.0,173257.0,57.0,1.0,Urban,Y
Yes,3+,Graduate,Yes,4063735,1570439.0,1367630.0,39.0,1.0,Urban,Y
No,0,Graduate,No,1474572,1170575.0,1053171.0,46.0,0.0,Rural,N
No,3+,Graduate,No,2455874,1163369.0,2103607.0,56.0,0.0,Rural,N
Yes,0,Not Graduate,No,700530,1505949.0,1323887.4,52.0,0.0,Rural,Y
No,0,Graduate,Yes,3748966,1418897.0,1420485.0,23.0,0.0,Semiurban,N
Yes,3+,Not Graduate,No,1177833,12289.0,714073.2,16.0,0.0,Semiurban,N
Yes,3+,Graduate,Yes,2677640,700336.0,1731076.0,28.0,1.0,Rural,Y
Yes,3+,Not Graduate,Yes,535423,698956.0,740627.4,53.0,0.0,Urban,Y
No,3+,Not Graduate,Yes,1292929,1989251.0,162990.0,27.0,1.0,Urban,N
No,2,Not Graduate,No,423390,1804377.0,1168095.0,22.0,0.0,Semiurban,N
No,1,Graduate,No,1764221,1305944.0,1108079.0,10.0,0.0,Semiurban,N
No,0,Graduate,No,4168316,86365.0,1290351.0,49.0,0.0,Rural,Y
No,3+,Graduate,No,1756671,754950.0,1031883.0,16.0,0.0,Urban,N
No,3+,Graduate,Yes,238563,1949022.0,1312551.0,35.0,0.0,Rural,N
No,3+,Not Graduate,Yes,883066,175211.0,634966.2,20.0,1.0,Semiurban,Y
Yes,2,Graduate,Yes,1654623,1228361.0,1668702.0,32.0,1.0,Urban,Y
No,3+,Graduate,No,4999856,1995814.0,2010208.0,40.0,1.0,Urban,N
Yes,3+,Not Graduate,Yes,4155957,1121164.0,1550071.0,38.0,0.0,Semiurban,Y
No,3+,Not Graduate,No,697897,63646.0,76806.0,25.0,0.0,Rural,Y
No,1,Not Graduate,Yes,4041237,265798.0,1274648.0,21.0,1.0,Rural,N
No,2,Graduate,No,872800,1530814.0,465384.0,39.0,0.0,Urban,Y
Yes,3+,Not Graduate,No,2142999,1853751.0,120119.0,7.0,0.0,Semiurban,Y
Yes,0,Not Graduate,Yes,3622554,1883376.0,1923722.0,40.0,1.0,Urban,N
Yes,0,Not Graduate,Yes,3759985,1793961.0,1283741.0,45.0,0.0,Semiurban,Y
Yes,0,Graduate,Yes,2002897,729532.0,1639457.4,33.0,1.0,Rural,N
No,2,Not Graduate,Yes,3676511,923945.0,2617793.0,52.0,0.0,Semiurban,N
Yes,2,Graduate,No,1263950,1168311.0,1459356.5999999999,44.0,1.0,Rural,Y
No,0,Graduate,Yes,649148,155683.0,482898.6,11.0,0.0,Semiurban,Y
No,3+,Not Graduate,Yes,2873707,906323.0,2268018.0,14.0,0.0,Urban,Y
Yes,2,Not Graduate,Yes,4778394,632259.0,1800740.0,25.0,1.0,Rural,N
Yes,0,Graduate,No,2873939,536437.0,913403.0,6.0,0.0,Urban,Y
Yes,0,Not Graduate,No,2035740,1410822.0,929903.0,13.0,0.0,Urban,N
Yes,3+,Not Graduate,Yes,3534955,1369909.0,935421.0,28.0,1.0,Rural,Y
Yes,1,Graduate,No,2845226,1811840.0,134080.0,8.0,0.0,Rural,Y
Yes,2,Graduate,Yes,3277326,1987755.0,1351367.0,9.0,1.0,Urban,Y
Yes,3+,Not Graduate,No,1654510,1906039.0,1028836.0,30.0,0.0,Urban,N
Yes,0,Graduate,No,1930815,566956.0,1498662.5999999999,52.0,0.0,Urban,Y
No,0,Not Graduate,No,3863122,1455465.0,2271599.0,43.0,0.0,Urban,Y
Yes,3+,Not Graduate,No,2486378,994170.0,2088328.7999999998,20.0,0.0,Rural,N
Yes,2,Not Graduate,Yes,4521590,612492.0,229830.0,26.0,1.0,Rural,N
No,1,Graduate,Yes,2634937,211830.0,1606518.0,40.0,0.0,Urban,Y
Yes,1,Not Graduate,Yes,3257473,1245077.0,2701530.0,58.0,1.0,Semiurban,Y
No,0,Not Graduate,No,912461,1465461.0,356094.0,58.0,0.0,Semiurban,Y
No,2,Not Graduate,Yes,4527036,165140.0,1286497.0,51.0,0.0,Rural,N
Yes,1,Graduate,Yes,4155555,1792725.0,1461220.0,57.0,0.0,Urban,N
No,2,Graduate,Yes,1818224,1189083.0,733404.0,19.0,0.0,Urban,N
No,2,Graduate,No,2810626,225160.0,1597261.0,41.0,1.0,Rural,N
No,0,Graduate,No,1024044,1231897.0,1353564.5999999999,17.0,1.0,Semiurban,Y
No,1,Graduate,No,3081352,561672.0,916183.0,22.0,1.0,Semiurban,N
Yes,3+,Not Graduate,Yes,1486652,521998.0,672893.0,44.0,1.0,Semiurban,N
No,0,Graduate,Yes,385555,606217.0,595063.2,14.0,0.0,Rural,N
Yes,1,Graduate,Yes,544191,1962967.0,394710.0,40.0,1.0,Semiurban,Y
No,1,Graduate,No,1602337,1649017.0,682543.0,18.0,1.0,Rural,Y
No,1,Not Graduate,No,3586669,1807992.0,2931738.0,20.0,0.0,Rural,N
No,1,Graduate,Yes,1020597,75388.0,501157.0,23.0,0.0,Urban,N
No,1,Graduate,No,2143338,555689.0,1156581.0,56.0,0.0,Semiurban,Y
Yes,2,Not Graduate,No,3822946,518727.0,1315898.0,38.0,0.0,Rural,Y
Yes,0,Graduate,No,1586205,1775767.0,2017183.2,11.0,1.0,Semiurban,Y
No,2,Not Graduate,No,2965899,1692367.0,930412.0,32.0,1.0,Semiurban,Y
No,3+,Not Graduate,Yes,324695,232601.0,334377.6,28.0,0.0,Urban,Y
Yes,1,Not Graduate,No,3081467,1176410.0,2291281.0,32.0,0.0,Semiurban,Y
No,0,Not Graduate,No,3541628,1082660.0,1742110.0,39.0,0.0,Urban,Y
No,1,Not Graduate,No,1201844,1300035.0,367875.0,51.0,1.0,Rural,Y
No,0,Graduate,No,4867493,1683505.0,1778794.0,43.0,1.0,Semiurban,N
Yes,2,Not Graduate,Yes,1510706,105111.0,969490.2,19.0,0.0,Rural,N
Yes,0,Not Graduate,Yes,3440216,1497618.0,2716078.0,41.0,0.0,Semiurban,N
Yes,3+,Graduate,No,3933284,429667.0,534814.0,58.0,1.0,Rural,N
No,3+,Not Graduate,No,4957088,1711163.0,1276134.0,13.0,0.0,Semiurban,N
No,0,Graduate,No,1947865,162982.0,1266508.2,40.0,0.0,Semiurban,N
Yes,0,Graduate,No,1019484,298185.0,790601.4,24.0,1.0,Semiurban,Y
Yes,0,Graduate,No,4997954,1923928.0,1469541.0,35.0,0.0,Semiurban,Y
Yes,0,Not Graduate,No,4117136,1376401.0,1102330.0,19.0,1.0,Semiurban,N
Yes,3+,Not Graduate,Yes,444855,234386.0,407544.6,25.0,0.0,Semiurban,N
No,1,Not Graduate,No,1174961,1392291.0,1540351.2,54.0,0.0,Semiurban,Y
Yes,0,Graduate,Yes,4725678,1245129.0,1165488.0,30.0,1.0,Semiurban,Y
No,0,Not Graduate,Yes,3661963,461792.0,2403847.0,45.0,1.0,Semiurban,Y
Yes,3+,Not Graduate,No,2477935,501174.0,1787465.4,29.0,0.0,Rural,N
No,3+,Not Graduate,Yes,1234106,784625.0,1211238.5999999999,19.0,1.0,Urban,Y
Yes,2,Graduate,Yes,4578011,651844.0,2034117.0,31.0,0.0,Semiurban,N
Yes,0,Graduate,Yes,2574968,195246.0,1662128.4,43.0,0.0,Urban,N
Yes,2,Not Graduate,Yes,2542266,1599024.0,918374.0,28.0,1.0,Semiurban,Y
Yes,3+,Not Graduate,Yes,4537677,246242.0,1805548.0,27.0,0.0,Semiurban,Y
No,3+,Not Graduate,Yes,4642001,511083.0,79725.0,53.0,0.0,Rural,N
Yes,1,Not Graduate,No,1318758,17633.0,801834.6,24.0,1.0,Rural,Y
No,0,Graduate,Yes,1755743,1012384.0,154555.0,51.0,1.0,Urban,Y
No,2,Graduate,Yes,4077019,1852022.0,2408638.0,56.0,0.0,Rural,N
No,3+,Graduate,Yes,3168281,866964.0,845928.0,8.0,1.0,Rural,Y
No,3+,Graduate,No,4625208,49104.0,1679311.0,47.0,1.0,Urban,N
Yes,2,Not Graduate,Yes,618349,959125.0,938036.0,24.0,1.0,Rural,N
No,1,Not Graduate,No,2981990,863663.0,2307391.8,14.0,1.0,Semiurban,Y
No,3+,Not Graduate,Yes,897968,1116964.0,1208959.2,33.0,0.0,Urban,N
No,0,Graduate,No,179083,1588878.0,1060776.5999999999,25.0,0.0,Urban,N
Yes,3+,Not Graduate,No,2755971,1141154.0,1032599.0,50.0,0.0,Semiurban,Y
Yes,0,Graduate,Yes,4097615,689115.0,2563024.0,12.0,1.0,Rural,Y
Yes,2,Graduate,Yes,2974299,564678.0,2123386.1999999997,19.0,1.0,Urban,Y
Yes,0,Not Graduate,No,4948341,1334431.0,2590034.0,14.0,1.0,Urban,N
No,2,Not Graduate,Yes,1904673,1140234.0,1826944.2,24.0,1.0,Semiurban,N
No,0,Not Graduate,No,3038199,57993.0,1857715.2,52.0,1.0,Semiurban,Y
Yes,2,Graduate,No,709996,205768.0,549458.4,57.0,1.0,Rural,N
No,0,Not Graduate,No,878513,1206861.0,1251224.4,19.0,1.0,Urban,Y
No,1,Graduate,No,3403389,771148.0,596015.0,43.0,0.0,Rural,Y
No,0,Not Graduate,No,4454385,1022460.0,1193657.0,58.0,0.0,Rural,N
Yes,0,Graduate,Yes,488590,1499576.0,1192899.5999999999,41.0,1.0,Semiurban,Y
Yes,1,Graduate,No,1865982,793853.0,1595901.0,45.0,1.0,Urban,N
No,3+,Not Graduate,No,2878655,742296.0,1757017.0,22.0,1.0,Urban,N
Yes,3+,Graduate,Yes,3251882,542015.0,739556.0,35.0,0.0,Urban,Y
Yes,0,Graduate,No,3310016,898850.0,2525319.6,14.0,0.0,Semiurban,N
Yes,1,Not Graduate,Yes,2479877,1577222.0,2434259.4,38.0,1.0,Semiurban,Y
Yes,0,Graduate,Yes,2489383,1375828.0,2303722.0,57.0,1.0,Semiurban,N
Yes,2,Not Graduate,Yes,264053,257681.0,313040.39999999997,30.0,0.0,Semiurban,N
No,2,Graduate,No,4887890,94018.0,1166271.0,19.0,0.0,Semiurban,N
Yes,0,Not Graduate,No,1536536,1435177.0,1783027.8,16.0,0.0,Urban,Y
No,3+,Not Graduate,No,2642637,1998197.0,2668760.0,58.0,0.0,Rural,N
No,3+,Graduate,Yes,3490926,1342630.0,2264387.0,40.0,1.0,Urban,Y
Yes,0,Graduate,No,3713263,1699752.0,1539493.0,46.0,0.0,Rural,N
No,0,Graduate,Yes,4258549,229104.0,1731641.0,19.0,0.0,Semiurban,N
No,2,Graduate,No,1446208,842186.0,1117609.0,35.0,1.0,Rural,Y
No,3+,Graduate,Yes,4630889,193510.0,566409.0,46.0,0.0,Urban,Y
Yes,0,Not Graduate,No,1878599,1158423.0,716165.0,9.0,0.0,Urban,Y
Yes,2,Graduate,No,122431,1995451.0,1270729.2,9.0,0.0,Rural,Y
No,3+,Not Graduate,No,1343131,1493293.0,1701854.4,33.0,1.0,Semiurban,Y
Yes,1,Not Graduate,Yes,747008,454162.0,720702.0,13.0,0.0,Semiurban,N
Yes,2,Graduate,Yes,673441,824899.0,899004.0,7.0,1.0,Urban,N
Yes,3+,Not Graduate,No,4562816,935129.0,2292168.0,46.0,1.0,Rural,Y
Yes,3+,Not Graduate,No,4470380,1344613.0,332017.0,51.0,0.0,Semiurban,N
No,2,Not Graduate,Yes,2149949,1124905.0,1964912.4,27.0,0.0,Semiurban,N
No,1,Not Graduate,Yes,1368300,1079583.0,1468729.8,46.0,0.0,Urban,N
Yes,2,Graduate,Yes,2047763,1008806.0,1833941.4,21.0,0.0,Semiurban,Y
Yes,3+,Not Graduate,No,1729849,694892.0,795182.0,34.0,1.0,Rural,N
No,0,Graduate,Yes,1985077,1364973.0,2010030.0,54.0,0.0,Urban,N
No,0,Graduate,No,3982149,1060899.0,2945671.0,53.0,0.0,Urban,N
Yes,2,Not Graduate,Yes,4973062,897767.0,466978.0,35.0,0.0,Rural,Y
No,3+,Graduate,No,150861,1160932.0,787075.7999999999,17.0,1.0,Urban,N
Yes,0,Graduate,Yes,4945710,635232.0,674771.0,40.0,0.0,Semiurban,N
Yes,3+,Graduate,Yes,4100737,204451.0,2583112.8,16.0,0.0,Semiurban,Y
No,2,Not Graduate,Yes,821001,1980290.0,1632460.0,51.0,1.0,Rural,Y
No,0,Graduate,Yes,2091083,1327176.0,1730403.0,55.0,1.0,Semiurban,N
Yes,3+,Graduate,Yes,4619216,555655.0,592601.0,26.0,0.0,Rural,N
Yes,0,Graduate,No,1723911,1103200.0,1696266.5999999999,26.0,0.0,Rural,Y
No,2,Not Graduate,Yes,1543717,403322.0,1168223.4,10.0,0.0,Semiurban,Y
Yes,3+,Graduate,Yes,4509352,1283141.0,1213490.0,53.0,0.0,Rural,Y
No,0,Not Graduate,Yes,2957733,68008.0,597993.0,25.0,0.0,Semiurban,Y
Yes,2,Not Graduate,No,1305663,1960934.0,1959958.2,42.0,1.0,Urban,Y
No,0,Not Graduate,Yes,133320,377539.0,306515.39999999997,8.0,1.0,Urban,Y
No,0,Not Graduate,No,427025,116492.0,326110.2,49.0,0.0,Rural,Y
No,1,Not Graduate,Yes,464359,72240.0,321959.39999999997,38.0,0.0,Semiurban,N
Yes,1,Not Graduate,Yes,1408507,1375035.0,1670125.2,58.0,1.0,Semiurban,Y
Yes,2,Graduate,No,4166621,986753.0,154195.0,14.0,0.0,Urban,Y
No,1,Not Graduate,Yes,1043187,725947.0,1061480.4,14.0,0.0,Urban,N
Yes,2,Graduate,No,4093710,272900.0,1132424.0,9.0,0.0,Semiurban,Y
No,1,Graduate,No,1697690,461227.0,982883.0,40.0,0.0,Rural,Y
No,0,Not Graduate,Yes,200734,1347098.0,928699.2,22.0,0.0,Urban,N
Yes,2,Graduate,No,257702,135327.0,235817.4,39.0,1.0,Rural,Y
Yes,2,Graduate,Yes,2951274,1980564.0,2215251.0,29.0,0.0,Rural,N
No,0,Graduate,Yes,1325811,649991.0,1185481.2,37.0,0.0,Urban,N
Yes,2,Graduate,No,1247087,842981.0,1254040.8,6.0,0.0,Rural,N
Yes,2,Not Graduate,No,3181091,165575.0,2007999.5999999999,13.0,1.0,Rural,N
No,1,Graduate,No,3929049,1908802.0,536275.0,50.0,1.0,Semiurban,Y
No,2,Not Graduate,No,2803381,1043445.0,348871.0,28.0,1.0,Rural,N
Yes,3+,Graduate,Yes,1968670,1548075.0,1207655.0,52.0,1.0,Semiurban,N
No,0,Graduate,Yes,4393122,493948.0,2932242.0,45.0,0.0,Urban,Y
No,1,Not Graduate,No,4446664,1355833.0,1344929.0,17.0,1.0,Urban,N
Yes,1,Graduate,Yes,4913673,1646933.0,2554594.0,59.0,0.0,Semiurban,N
No,3+,Graduate,Yes,4855469,229189.0,1293294.0,17.0,0.0,Urban,N
No,0,Graduate,Yes,1032817,398465.0,858769.2,51.0,1.0,Rural,N
Yes,0,Not Graduate,Yes,4435702,251051.0,946816.0,52.0,1.0,Rural,Y
Yes,1,Graduate,No,3378360,936705.0,2464802.0,20.0,1.0,Rural,N
No,2,Not Graduate,No,3062732,649829.0,493031.0,46.0,1.0,Urban,Y
No,1,Graduate,Yes,2280338,713936.0,1140668.0,24.0,1.0,Rural,Y
Yes,0,Not Graduate,No,2092825,1560354.0,2191907.4,31.0,0.0,Urban,N
Yes,3+,Not Graduate,No,3932978,780641.0,2828171.4,57.0,1.0,Rural,N
Yes,1,Graduate,No,4215811,271830.0,2322158.0,34.0,1.0,Semiurban,N
Yes,0,Graduate,Yes,694604,1554205.0,1349285.4,27.0,1.0,Urban,N
No,1,Not Graduate,Yes,2149927,315507.0,1479260.4,45.0,0.0,Urban,Y
Yes,2,Not Graduate,Yes,3274108,359687.0,1366189.0,26.0,1.0,Rural,Y
Yes,1,Graduate,No,2831638,1704597.0,340998.0,56.0,0.0,Urban,Y
No,1,Not Graduate,Yes,364500,1224491.0,711616.0,43.0,1.0,Urban,N
Yes,0,Graduate,Yes,2267478,1668537.0,1878022.0,25.0,1.0,Semiurban,Y
No,0,Graduate,No,3076031,454179.0,2118126.0,34.0,0.0,Semiurban,N
Yes,0,Graduate,Yes,739282,1030596.0,1061926.8,56.0,1.0,Rural,N
Yes,1,Graduate,Yes,3003633,42828.0,231360.0,9.0,0.0,Semiurban,N
Yes,2,Not Graduate,No,2040369,835036.0,1725243.0,12.0,0.0,Rural,N
No,3+,Graduate,No,4048242,272670.0,2565419.0,33.0,0.0,Rural,N
No,3+,Not Graduate,No,1317060,1903918.0,1388106.0,33.0,1.0,Rural,Y
Yes,0,Graduate,Yes,1131519,1074168.0,1323412.2,9.0,1.0,Urban,Y
No,0,Not Graduate,Yes,889352,291126.0,708286.7999999999,27.0,1.0,Semiurban,N
No,1,Graduate,Yes,4778714,786639.0,2180939.0,17.0,0.0,Rural,Y
No,3+,Not Graduate,No,1490281,1280617.0,1662538.8,50.0,1.0,Semiurban,N
No,0,Not Graduate,No,4041106,1399453.0,2749424.0,8.0,0.0,Rural,N
No,2,Graduate,Yes,2422466,754296.0,1551584.0,27.0,1.0,Semiurban,N
No,2,Graduate,Yes,1951317,124982.0,1245779.4,49.0,0.0,Semiurban,Y
Yes,0,Graduate,No,2046830,1305487.0,361955.0,7.0,0.0,Rural,N
Yes,0,Graduate,No,2714150,1117195.0,2177599.0,29.0,0.0,Urban,N
No,3+,Not Graduate,No,1668560,1733264.0,2041094.4,39.0,1.0,Semiurban,Y
Yes,3+,Graduate,No,4760061,308623.0,789290.0,32.0,0.0,Urban,Y
Yes,1,Not Graduate,Yes,2705214,1550219.0,1615070.0,46.0,0.0,Urban,Y
Yes,3+,Not Graduate,No,2329180,1199751.0,691147.0,6.0,0.0,Rural,N
Yes,2,Graduate,Yes,2428599,170963.0,238490.0,13.0,0.0,Rural,N
No,2,Not Graduate,Yes,1095843,1190402.0,1371747.0,28.0,0.0,Rural,Y
Yes,0,Not Graduate,Yes,4288891,1803919.0,554409.0,43.0,0.0,Semiurban,N
Yes,3+,Not Graduate,No,726045,867869.0,566595.0,11.0,1.0,Rural,Y
No,1,Not Graduate,No,4131419,1147116.0,713689.0,27.0,1.0,Rural,Y
No,2,Graduate,No,4595511,859414.0,2313089.0,30.0,0.0,Semiurban,N
Yes,2,Graduate,No,1524945,1675611.0,1145426.0,23.0,1.0,Semiurban,N
Yes,1,Graduate,Yes,1491538,186994.0,293306.0,22.0,1.0,Rural,Y
Yes,1,Graduate,No,2463999,310375.0,1664624.4,17.0,0.0,Rural,Y
Yes,2,Not Graduate,No,820488,29301.0,509873.39999999997,11.0,0.0,Rural,Y
Yes,2,Not Graduate,Yes,4890691,1271300.0,2669372.0,31.0,0.0,Rural,Y
Yes,1,Graduate,No,519065,1562579.0,1248986.4,32.0,1.0,Urban,N
No,2,Graduate,Yes,2884372,1044327.0,2200224.0,13.0,0.0,Urban,Y
Yes,0,Graduate,Yes,4325889,193783.0,1576322.0,24.0,1.0,Rural,Y
Yes,0,Not Graduate,Yes,1563807,1745259.0,1121860.0,47.0,0.0,Urban,Y
No,1,Graduate,Yes,3192195,18752.0,1926568.2,6.0,1.0,Semiurban,N
No,3+,Graduate,Yes,1716449,1015416.0,1639119.0,34.0,0.0,Urban,N
No,1,Graduate,Yes,389102,737565.0,676000.2,50.0,0.0,Urban,Y
No,1,Not Graduate,Yes,1436737,1933460.0,2022118.2,54.0,1.0,Rural,N
Yes,3+,Not Graduate,Yes,3160006,668755.0,637100.0,40.0,1.0,Urban,N
Yes,3+,Not Graduate,No,2477074,217029.0,1616461.8,45.0,1.0,Urban,N
Yes,3+,Not Graduate,No,2897753,907669.0,1927971.0,19.0,1.0,Urban,Y
Yes,0,Not Graduate,No,1190805,1104849.0,1377392.4,40.0,1.0,Urban,Y
Yes,2,Not Graduate,No,4543778,1307079.0,819097.0,53.0,1.0,Semiurban,N
Yes,0,Not Graduate,Yes,4262065,1664742.0,2399316.0,50.0,0.0,Rural,Y
No,2,Not Graduate,No,3110087,1839903.0,2916757.0,25.0,1.0,Rural,Y
Yes,0,Graduate,Yes,360116,1168544.0,917196.0,54.0,0.0,Semiurban,N
No,2,Graduate,No,3068462,377844.0,2067783.5999999999,18.0,0.0,Urban,N
No,0,Not Graduate,No,3142146,1649423.0,210381.0,43.0,1.0,Semiurban,Y
Yes,3+,Not Graduate,No,2718137,10699.0,1637301.5999999999,54.0,0.0,Urban,N
No,1,Graduate,Yes,4314279,1244709.0,2596982.0,51.0,1.0,Semiurban,Y
Yes,0,Not Graduate,No,4452099,534003.0,1627969.0,54.0,1.0,Rural,Y
No,2,Not Graduate,Yes,3662223,1067745.0,954098.0,13.0,0.0,Rural,N
Yes,3+,Not Graduate,Yes,1357949,518652.0,1125960.5999999999,48.0,0.0,Rural,Y
No,0,Graduate,No,3071981,118413.0,118920.0,25.0,1.0,Urban,Y
Yes,0,Graduate,No,3950241,1982243.0,880051.0,38.0,1.0,Urban,N
Yes,3+,Graduate,No,4059076,1692128.0,2797176.0,31.0,0.0,Semiurban,N
Yes,0,Graduate,Yes,3834340,1316502.0,2688509.0,44.0,0.0,Semiurban,N
Yes,1,Graduate,No,3421765,1792113.0,2154683.0,26.0,0.0,Rural,Y
Yes,0,Not Graduate,Yes,488076,1571564.0,1235784.0,58.0,0.0,Urban,N
No,1,Graduate,Yes,4984797,1173057.0,1761672.0,54.0,1.0,Semiurban,N
No,1,Not Graduate,No,3209244,215400.0,1761646.0,47.0,1.0,Urban,N
No,3+,Not Graduate,No,4916909,1032532.0,1685288.0,48.0,1.0,Urban,N
Yes,0,Graduate,Yes,2298611,559873.0,1715090.4,59.0,1.0,Rural,Y
No,3+,Graduate,Yes,2060826,1865690.0,2355909.6,46.0,0.0,Rural,Y
Yes,0,Not Graduate,Yes,2944664,1227512.0,2279655.0,14.0,0.0,Urban,N
Yes,0,Not Graduate,No,2713275,392136.0,1828539.0,29.0,1.0,Urban,Y
No,2,Not Graduate,Yes,1478369,1919424.0,2038675.7999999998,42.0,1.0,Urban,N
No,0,Graduate,No,2523970,1496906.0,714917.0,54.0,1.0,Urban,N
Yes,3+,Graduate,Yes,2190212,389954.0,1464022.0,46.0,1.0,Rural,Y
No,1,Graduate,Yes,4271774,38067.0,1002246.0,22.0,1.0,Semiurban,Y
Yes,0,Graduate,No,2341984,1746621.0,69675.0,29.0,1.0,Rural,N
Yes,2,Graduate,Yes,252999,1826198.0,123997.0,26.0,1.0,Semiurban,N
Yes,3+,Not Graduate,No,4642923,18073.0,2295239.0,56.0,1.0,Urban,Y
Yes,0,Graduate,No,161367,36035.0,118441.2,44.0,1.0,Semiurban,N
Yes,3+,Not Graduate,Yes,853315,1244625.0,1258764.0,46.0,0.0,Rural,Y
No,2,Not Graduate,No,4700108,233782.0,536799.0,44.0,1.0,Rural,N
No,2,Not Graduate,No,3105334,614661.0,2231997.0,18.0,0.0,Urban,N
Yes,3+,Graduate,Yes,2954190,1918370.0,805678.0,16.0,0.0,Rural,Y
Yes,0,Graduate,No,1384382,614805.0,1199512.2,51.0,1.0,Urban,Y
No,1,Graduate,No,3953321,1638314.0,320040.0,24.0,1.0,Rural,Y
No,2,Not Graduate,No,2754837,1583246.0,1524764.0,16.0,0.0,Rural,Y
Yes,0,Not Graduate,Yes,3584239,1970517.0,2459029.0,18.0,0.0,Urban,Y
No,0,Not Graduate,No,1142377,726331.0,616088.0,51.0,1.0,Semiurban,Y
Yes,1,Not Graduate,Yes,4677033,1506404.0,1194620.0,50.0,0.0,Rural,Y
No,2,Not Graduate,Yes,3357181,1794291.0,2414643.0,6.0,1.0,Semiurban,N
Yes,2,Not Graduate,No,1023780,61929.0,651425.4,45.0,1.0,Rural,N
No,0,Graduate,No,2966451,757771.0,2234533.1999999997,49.0,1.0,Rural,N
Yes,0,Graduate,No,2568152,1801454.0,708003.0,24.0,0.0,Rural,Y
No,1,Graduate,Yes,4507871,885296.0,2450081.0,17.0,0.0,Rural,Y
No,1,Graduate,No,2042811,667689.0,855113.0,13.0,1.0,Semiurban,Y
Yes,2,Not Graduate,No,398090,780965.0,707433.0,13.0,0.0,Semiurban,N
No,3+,Not Graduate,No,417348,287313.0,422796.6,58.0,0.0,Rural,Y
Yes,2,Graduate,No,1426283,87468.0,908250.6,50.0,0.0,Rural,Y
No,0,Not Graduate,No,192324,1083170.0,765296.4,17.0,0.0,Semiurban,N
Yes,2,Graduate,Yes,2420688,191703.0,1567434.5999999999,53.0,0.0,Urban,Y
No,3+,Graduate,Yes,1905808,1093609.0,1799650.2,38.0,0.0,Urban,N
Yes,1,Graduate,No,1420567,1635997.0,1833938.4,50.0,0.0,Semiurban,N
No,3+,Not Graduate,No,4320459,990669.0,1850830.0,31.0,1.0,Rural,Y
Yes,3+,Graduate,No,4636119,1122437.0,2009310.0,44.0,0.0,Rural,Y
No,3+,Graduate,No,4115470,707650.0,1506081.0,33.0,0.0,Urban,Y
Yes,1,Graduate,Yes,4754798,293894.0,165359.0,10.0,0.0,Urban,N
Yes,3+,Not Graduate,No,3377419,1613325.0,2064410.0,13.0,0.0,Semiurban,N
Yes,3+,Not Graduate,Yes,3722138,1515592.0,2213859.0,30.0,0.0,Urban,N
No,3+,Graduate,Yes,2640476,1126798.0,301351.0,32.0,0.0,Semiurban,Y
Yes,0,Not Graduate,No,4329011,636308.0,2617822.0,51.0,0.0,Urban,Y
No,3+,Not Graduate,Yes,1037841,1859234.0,1337087.0,28.0,0.0,Urban,Y
Yes,1,Not Graduate,Yes,1667053,793153.0,1334294.0,35.0,1.0,Urban,Y
No,3+,Not Graduate,Yes,2016545,544897.0,1536865.2,50.0,0.0,Rural,N
Yes,3+,Not Graduate,Yes,2943940,1703377.0,2642631.0,52.0,0.0,Rural,N
No,1,Not Graduate,No,4647603,1252557.0,1734351.0,28.0,0.0,Rural,N
No,3+,Not Graduate,No,4032441,104211.0,1776605.0,54.0,0.0,Urban,N
Yes,1,Not Graduate,Yes,1307068,1234897.0,1525179.0,52.0,1.0,Semiurban,Y
No,3+,Not Graduate,No,4464406,1490687.0,1512436.0,25.0,1.0,Semiurban,Y
No,1,Not Graduate,No,494274,487689.0,301924.0,23.0,1.0,Semiurban,Y
Yes,3+,Graduate,No,4511589,923160.0,2930593.0,23.0,1.0,Semiurban,N
No,3+,Graduate,No,1486980,1959873.0,1913236.0,7.0,1.0,Rural,N
No,0,Not Graduate,No,1308052,860952.0,1301402.4,9.0,1.0,Rural,Y
No,0,Graduate,Yes,2955994,1505532.0,1649792.0,35.0,1.0,Urban,Y
Yes,3+,Graduate,No,3047762,850741.0,330466.0,38.0,1.0,Urban,N
No,3+,Not Graduate,No,2493293,1078560.0,500930.0,41.0,1.0,Semiurban,Y
Yes,2,Not Graduate,No,3140267,1691811.0,1448616.0,23.0,1.0,Rural,N
